title,company,location,link
Solution Architect,NABviaHays plc,"Docklands, Australia",https://stackoverflow.com/jobs/369393
Dot Net Developer (MVC),MindWorx,"Pune, India",https://stackoverflow.com/jobs/322481
テスト・評価/システム開発会社,株式会社スタッフサービス　エンジニアガイド,"Kyoto, Japan",https://stackoverflow.com/jobs/439676
システムエンジニア,株式会社ヒッツカンパニー,"Kyoto, Japan",https://stackoverflow.com/jobs/439675
Webプログラマ,株式会社イマジカデジタルスケープ,"Kyoto, Japan",https://stackoverflow.com/jobs/402410
アプリエンジニア/インターネット/Webサービス・ASP,ウェルスタイル 株式会社,"Shibuya City, Japan",https://stackoverflow.com/jobs/439668
サーバーサイドエンジニア/インターネット/Webサービス・ASP,ウェルスタイル 株式会社,"Shibuya City, Japan",https://stackoverflow.com/jobs/439667
【テックリードエンジニア】40兆円のレガシーな巨大市場を不動産投資家が集まるFANTASプラットフォームでハックする!ハイクラスなリードエンジニア募集!,FANTAS technology株式会社,"Shibuya City, Japan",https://stackoverflow.com/jobs/439666
サーバーサイド・Webアプリケーションエンジニア,ピーシーフェーズ株式会社,"Shibuya City, Japan",https://stackoverflow.com/jobs/317638
アプリケーションエンジニア,SBテクノロジー株式会社,"Shinjuku City, Japan",https://stackoverflow.com/jobs/439664
システム開発要件定義 (医療用ソフトウェア開発会社) VB.NET,株式会社スタッフサービス,"Kagoshima, Japan",https://stackoverflow.com/jobs/439662
不動産業向けwebサイト開発・維持支援要件定義 (証券会社でのお仕事です ) Java,株式会社スタッフサービス,"Koto City, Japan",https://stackoverflow.com/jobs/439659
テスト・評価/証券会社,株式会社スタッフサービス　エンジニアガイド,"Koto City, Japan",https://stackoverflow.com/jobs/439658
プログラマ ( 建設業 ) /別府(兵庫)駅,ヒューマンリソシア株式会社,"Beppu, Japan",https://stackoverflow.com/jobs/439655
貨幣処理機プログラミング (ソフトウェア会社でのお仕事です ) VB.NET,株式会社スタッフサービス,"姫路市, Japan",https://stackoverflow.com/jobs/439654
情報処理サ-ビス,株式会社リクルートスタッフィング,"Arakawa City, Japan",https://stackoverflow.com/jobs/439652
システムエンジニア(SE),I&S株式会社,"Katsushika City, Japan",https://stackoverflow.com/jobs/439651
プログラマ(PG),I&S株式会社,"Katsushika City, Japan",https://stackoverflow.com/jobs/439650
開発×Java,株式会社キャリアデザインITパートナーズ,"Setagaya City, Japan",https://stackoverflow.com/jobs/439649
未経験から目指す!機械学習エンジニア【3ヶ月研修あり!】,株式会社　クアドロジックス　大阪サテライト,"Osaka, Japan",https://stackoverflow.com/jobs/439648
"エンジニア/SE/Java, PHP, Ruby/インターネット/Webサービス・ASP",株式会社 スカイアーク,"Minato City, Japan",https://stackoverflow.com/jobs/416527
Angular JS developer,Hopescoding,"Kochi, India",https://stackoverflow.com/jobs/336090
PHP Developer,Artiimaz,"Lucknow, India",https://stackoverflow.com/jobs/322851
アプリケーションエンジニア,株式会社第一コンピュータリソース　名古屋支店,"Nagoya, Japan",https://stackoverflow.com/jobs/439641
開発エンジニア(PHP),手間いらず株式会社,"Shibuya City, Japan",https://stackoverflow.com/jobs/439638
Senior Software QA Automation Engineer – SDK,PubMatic,"Pune, India",https://stackoverflow.com/jobs/416530
Unity Game プログラマー (C#)(東京勤務)/インターネット/Webサービス・ASP,ザ・ストリッパーズ 株式会社,"Setagaya City, Japan",https://stackoverflow.com/jobs/439633
プログラマー(PG)当社とメーカー3社で構成された(セレンディップ・グループ),株式会社サンテクト,"Yokohama, Japan",https://stackoverflow.com/jobs/431484
未経験~ITコンサルティング|業務,"転職支援インター・スクエアー,Inc.","Osaka, Japan",https://stackoverflow.com/jobs/439632
ITエンジニア(制御系),株式会社ブレーンナレッジシステムズ　西日本事業本部　福岡営業所,"Fukuoka, Japan",https://stackoverflow.com/jobs/439631
SE・プログラマー職,ウズウズ,"Takamatsu, Japan",https://stackoverflow.com/jobs/439629
ITエンジニア(インフラエンジニア),株式会社ブレーンナレッジシステムズ　西日本事業本部　福岡営業所,"Fukuoka, Japan",https://stackoverflow.com/jobs/439628
ITエンジニア,株式会社ブレーンナレッジシステムズ　西日本事業本部　福岡営業所,"Fukuoka, Japan",https://stackoverflow.com/jobs/439627
通信事業者グループウェアパッケージ開発,株式会社テクノウェイブ,"Kawasaki, Japan",https://stackoverflow.com/jobs/439626
プログラマー,株式会社ベイソル,"Yokohama, Japan",https://stackoverflow.com/jobs/439625
システムエンジニア,株式会社ベイソル,"Yokohama, Japan",https://stackoverflow.com/jobs/378832
エンタメ系開発会社でのマークアップ制作支援,株式会社グッドワークス,"Yokohama, Japan",https://stackoverflow.com/jobs/439624
システム開発関連業務 (システム開発会社) Java,株式会社スタッフサービス,"Yokohama, Japan",https://stackoverflow.com/jobs/439623
Java/建設・重機械メーカーシステム開発,株式会社テクノウェイブ,"Kawasaki, Japan",https://stackoverflow.com/jobs/439622
プログラマー,株式会社アドヴァンスト・インフォーメイション・デザイン,"Matsumoto, Japan",https://stackoverflow.com/jobs/439621
その他 IT関連,パーソル パナソニック HRパートナーズ株式会社,"Yamatokoriyama, Japan",https://stackoverflow.com/jobs/369282
各種システム基本設計 (ソフトウェア開発会社) Java,株式会社スタッフサービス,"Takasaki, Japan",https://stackoverflow.com/jobs/369280
アーキテクト/ITコンサルタント(証券業界/グローバルアカウント担当),フューチャーアーキテクト株式会社,"Shinagawa City, Japan",https://stackoverflow.com/jobs/346123
ECサイト運営,株式会社ACT,"Matsubara, Japan",https://stackoverflow.com/jobs/386210
紹介予定派遣 自社製品のシステム開発 システムエンジニア,ヒューマンリソシア株式会社,"札幌市, Japan",https://stackoverflow.com/jobs/439620
システムエンジニア,株式会社ビーネックスソリューションズ,"Minato City, Japan",https://stackoverflow.com/jobs/435636
評価・試験・実験/システム開発会社,株式会社スタッフサービス　エンジニアガイド,"Fukuyama, Japan",https://stackoverflow.com/jobs/439617
1000件超の過去案件から業務,アクサス株式会社　Recruitment,"Hiroshima, Japan",https://stackoverflow.com/jobs/439616
1000件超の過去案件から業務,アクサス株式会社　Recruitment,"Osaka, Japan",https://stackoverflow.com/jobs/439615
WEBアプリエンジニア/ソフトウェア/パッケージベンダ,株式会社 セルシス,"Shinjuku City, Japan",https://stackoverflow.com/jobs/357587
電力系既存システムの機能追加プログラマ,株式会社シティキャリアサービス,"Fukuoka, Japan",https://stackoverflow.com/jobs/439608
人気の三ノ宮エリア 即日 IT企業でシステムのリプレース作業,ヒューマンリソシア株式会社,"Kobe, Japan",https://stackoverflow.com/jobs/439605
i-Reporterプログラミング (システム会社) Java,株式会社スタッフサービス,"神戸市, Japan",https://stackoverflow.com/jobs/439604
システムエンジニア,株式会社アスパーク中部エリア,"Hamamatsu, Japan",https://stackoverflow.com/jobs/439601
(SE)システムエンジニア/福利厚生充実/奨学金手当/最大60万円/住宅手当(月額2万7000円)持ち家でも支給,株式会社サンテクト,"Shinagawa City, Japan",https://stackoverflow.com/jobs/433257
プログラマー(PG)福利厚生充実/奨学金手当/最大60万円/住宅手当(月額2万7000円)持ち家でも支給,株式会社サンテクト,"Shinjuku City, Japan",https://stackoverflow.com/jobs/437721
【システムエンジニア・PG】年間休日120日・完全週休2日,株式会社ヴィレラソン,"Setagaya City, Japan",https://stackoverflow.com/jobs/431415
システムエンジニア(SE)当社とメーカー3社で構成された(セレンディップ・グループ),株式会社サンテクト,"Hachioji, Japan",https://stackoverflow.com/jobs/437722
プログラマー(PG)当社とメーカー3社で構成された(セレンディップ・グループ),株式会社サンテクト,"Hachioji, Japan",https://stackoverflow.com/jobs/437720
プログラマー(PG)福利厚生充実/奨学金手当/最大60万円/住宅手当(月額2万7000円)持ち家でも支給,株式会社サンテクト,"Osaka, Japan",https://stackoverflow.com/jobs/425274
プログラマ,株式会社アスパーク中部エリア,"Hamamatsu, Japan",https://stackoverflow.com/jobs/439598
プログラマー(PG)経験者歓迎/前職給与保証/転職者全員が前職より給与アップ/全社員毎年昇給,株式会社サンテクト,"Osaka, Japan",https://stackoverflow.com/jobs/437717
(SE)システムエンジニア/福利厚生充実/奨学金手当/最大60万円/住宅手当(月額2万7000円)持ち家でも支給,株式会社サンテクト,"Osaka, Japan",https://stackoverflow.com/jobs/431422
システムエンジニア(SE)経験者歓迎/前職給与保証/転職者全員が前職より給与アップ/全社員毎年昇給,株式会社サンテクト,"Osaka, Japan",https://stackoverflow.com/jobs/437716
システムエンジニア(SE)当社とメーカー3社で構成された(セレンディップ・グループ),株式会社サンテクト,"Osaka, Japan",https://stackoverflow.com/jobs/431414
プログラマー(PG)福利厚生充実/奨学金手当/最大60万円/住宅手当(月額2万7000円)持ち家でも支給,株式会社サンテクト,"Osaka, Japan",https://stackoverflow.com/jobs/431421
プログラマー(PG)当社とメーカー3社で構成された(セレンディップ・グループ),株式会社サンテクト,"Chiyoda City, Japan",https://stackoverflow.com/jobs/425278
PL・PM,株式会社H.R.M. 株式会社トップゲート,"Bunkyo City, Japan",https://stackoverflow.com/jobs/439597
1000件超の過去案件から業務,アクサス株式会社　Recruitment,"Nagoya, Japan",https://stackoverflow.com/jobs/439596
webプログラマー,株式会社アドバンティア自社採用,"Osaka, Japan",https://stackoverflow.com/jobs/439595
プログラマー(PG)経験者歓迎/前職給与保証/転職者全員が前職より給与アップ/全社員毎年昇給,株式会社サンテクト,"Yokohama, Japan",https://stackoverflow.com/jobs/425250
システムエンジニア(SE)経験者歓迎/前職給与保証/転職者全員が前職より給与アップ/全社員毎年昇給,株式会社サンテクト,"Yokohama, Japan",https://stackoverflow.com/jobs/425253
システムエンジニア(SE)当社とメーカー3社で構成された(セレンディップ・グループ),株式会社サンテクト,"Yokohama, Japan",https://stackoverflow.com/jobs/431485
プログラマー(PG)当社とメーカー3社で構成された(セレンディップ・グループ),株式会社サンテクト,"Yokohama, Japan",https://stackoverflow.com/jobs/425251
1000件超の過去案件から業務,アクサス株式会社　Recruitment,"札幌市, Japan",https://stackoverflow.com/jobs/439588
自治体向けアプリケーションプログラミング (システム開発関連会社) Java,株式会社スタッフサービス,"Fukuoka, Japan",https://stackoverflow.com/jobs/402789
ITエンジニア,キャル株式会社　福岡オフィス,"Fukuoka, Japan",https://stackoverflow.com/jobs/439587
システムエンジニア(SE)当社とメーカー3社で構成された(セレンディップ・グループ),株式会社サンテクト,"Osaka, Japan",https://stackoverflow.com/jobs/425238
プログラマー(PG)当社とメーカー3社で構成された(セレンディップ・グループ),株式会社サンテクト,"Osaka, Japan",https://stackoverflow.com/jobs/425239
プログラマー・システムエンジニア,株式会社ケー・エス・イー,"Izumo, Japan",https://stackoverflow.com/jobs/434568
プログラマー,インテグレート　トータルシステム 株式会社,"Osaka, Japan",https://stackoverflow.com/jobs/377605
SDE III/ Technical Architect Global CTPS Tech,ADCI HYD 13 SEZ,"Hyderabad, India",https://stackoverflow.com/jobs/396839
Senior Software Engineer/Technical Lead,Napier Healthcare Solutions Pte. Ltd.,"Hyderabad, India",https://stackoverflow.com/jobs/396773
BDT Data Engineering Manager,Amazon Dev Center India - Hyd,"Hyderabad, India",https://stackoverflow.com/jobs/396737
Software development Engineer,Amazon Dev Center India - Hyd,"Hyderabad, India",https://stackoverflow.com/jobs/354640
Digital Solutions Architect,[x]cube LABS,"Hyderabad, India",https://stackoverflow.com/jobs/402974
Test Engineer,Creditvidya,"Hyderabad, India",https://stackoverflow.com/jobs/354695
Staff Software Engineer,ServiceNow,"Hyderabad, India",https://stackoverflow.com/jobs/396738
Data Scientist & Business Development,Grid Logic Software Private Limited,"Hyderabad, India",https://stackoverflow.com/jobs/354684
AI/ML engineers,albanero,"Hyderabad, India",https://stackoverflow.com/jobs/396015
Ios Developer,Smart Wealth & IT Consultancy Services,"Bengaluru, India",https://stackoverflow.com/jobs/406790
Scientific Applications Developer,DownUnder GeoSolutions Pty Ltd,"West Perth, Australia",https://stackoverflow.com/jobs/396026
Senior Software Engineer - Fullstack (UCM),SumTotal,"Hyderabad, India",https://stackoverflow.com/jobs/406774
DevOps Engineer,Hitachi Vantara,"Hyderabad, India",https://stackoverflow.com/jobs/406770
Specialist Application Developer - Dot Net,Société Générale,"Bengaluru, India",https://stackoverflow.com/jobs/406761
Software Developer (PHP),Eduonix Learning Solutions,"Navi Mumbai, India",https://stackoverflow.com/jobs/387868
インフラエンジニア(Amazon AWS構築),株式会社エージェントキューブ(Agent cube Inc),"Shinjuku City, Japan",https://stackoverflow.com/jobs/427132
Eclipse、Java/不動産業向けWebサイト開発、維持,株式会社ブレーンネット,"Koto City, Japan",https://stackoverflow.com/jobs/427124
Backend Engineer,Einsite,"Hyderabad, India",https://stackoverflow.com/jobs/396025
Android Developer,Cytrion,"Hyderabad, India",https://stackoverflow.com/jobs/332350
システム運用作業のサポート作業,株式会社トーテック,"Kobe, Japan",https://stackoverflow.com/jobs/398211
システムエンジニア,株式会社トーテック　関西営業所,"Kobe, Japan",https://stackoverflow.com/jobs/427080
Product Development Engineer – II (Full stack Developer),Phenom People,"Hyderabad, India",https://stackoverflow.com/jobs/395935
Engineer II- System Verification (Automation Testing Engineer),Shure Incorporated,"Hyderabad, India",https://stackoverflow.com/jobs/395932
Perlエンジニア、プログラマー,株式会社ビットストロングソリューションズ,"Minato City, Japan",https://stackoverflow.com/jobs/427076
経験言語不問・Webアプリのシステムエンジニア・プログラマー,株式会社 GSI,"Sapporo, Japan",https://stackoverflow.com/jobs/427066
アプリケーション開発,株式会社MAYA STAFFING,"Sapporo, Japan",https://stackoverflow.com/jobs/427064
Software Developer (DotNet),Cherrinet,"Chennai, India",https://stackoverflow.com/jobs/355968
Java software developer,Mirabilis Design,"Chennai, India",https://stackoverflow.com/jobs/355953
Android Developer,Gaian Solutions,"Hyderabad, India",https://stackoverflow.com/jobs/344780
Java Software Architect,QuickSchools,"Kuala Lumpur, Malaysia",https://stackoverflow.com/jobs/439584
Senior Software Development Engineer,Pixelogic Media,No office location,https://stackoverflow.com/jobs/439583
C++ Software Engineer,Aerial Applications,"Washington, DC",https://stackoverflow.com/jobs/439582
Back End Software Developer,Aerial Applications,"Washington, DC",https://stackoverflow.com/jobs/439581
Webアプリケーション開発エンジニア,株式会社アドキットインフォケーション,"Chiyoda City, Japan",https://stackoverflow.com/jobs/310420
設計支援エンジニア《名古屋市/CAD・CAM・PLM》,アビームシステムズ株式会社,"Nagoya, Japan",https://stackoverflow.com/jobs/351059
製造系の業務アプリケーション・インフラの保守・保全業務,株式会社スターワークス,"Nagoya, Japan",https://stackoverflow.com/jobs/310448
動的情報登録、更新システム開発,パーソル パナソニック HRパートナーズ株式会社　テクニカル事業本部,"Nagoya, Japan",https://stackoverflow.com/jobs/403181
PLPM候補《サプライチェーン領域:内販・外販》/超上流案件,アビームシステムズ株式会社,"Nagoya, Japan",https://stackoverflow.com/jobs/336191
オープン系開発《研修充実/プライム案件》/名古屋市・転勤なし,アビームシステムズ株式会社,"Nagoya, Japan",https://stackoverflow.com/jobs/328306
ITエンジニア,有限会社INFINI,"Chiyoda City, Japan",https://stackoverflow.com/jobs/406751
SE・プログラマー,株式会社エーオー,"Nagoya, Japan",https://stackoverflow.com/jobs/310426
業務,株式会社アール・フィールド,"Nagoya, Japan",https://stackoverflow.com/jobs/348257
《大阪》プロジェクトリーダー・マネージャー,株式会社KYOSO,"Takamatsu, Japan",https://stackoverflow.com/jobs/340631
プログラマ,株式会社シーファイブ,"Taito City, Japan",https://stackoverflow.com/jobs/402033
Require Junior and Mid-level freelancer for ASP.Net MVC,ESMSYS PVT LTD,"Ahmedabad, India",https://stackoverflow.com/jobs/439570
Junior React JS Developer,Full Stack Technology,"Gandhinagar, India",https://stackoverflow.com/jobs/439562
Web Developer,JSTECHNO SOLUTIONS PVT. LTD.,"Ahmedabad, India",https://stackoverflow.com/jobs/439547
Senior PHP Developer,SAUBHAGYAM WEB PVT. LTD.,"Ahmedabad, India",https://stackoverflow.com/jobs/439532
Junior Angular Developer,Full Stack Technology,"Gandhinagar, India",https://stackoverflow.com/jobs/439515
フルスタックリードエンジニア,株式会社モンスター・ラボ,"Shibuya City, Japan",https://stackoverflow.com/jobs/392951
システムエンジニア,株式会社ダブルス・パートナーズ,"Kumamoto, Japan",https://stackoverflow.com/jobs/402195
IT関連書籍・デザイン関連書籍　編集者,SBクリエイティブ株式会社,"Minato City, Japan",https://stackoverflow.com/jobs/340454
Node JS Developer,Pivot Net Technologies Pvt. Ltd.,"Kolkata, India",https://stackoverflow.com/jobs/428827
Web Developer,Nexenture Pvt Ltd,"Kolkata, India",https://stackoverflow.com/jobs/411290
エンジニア(ジェネラル),日本タタ・コンサルタンシー・サービシズ株式会社,"Minato City, Japan",https://stackoverflow.com/jobs/318661
Web & App Developer,Infinest Homes & Allied Services Pvt Ltd,"Kolkata, India",https://stackoverflow.com/jobs/439464
Programmer Analyst (PHP Developer),Z2plus Placement & Security Agency,"Kolkata, India",https://stackoverflow.com/jobs/423826
"Sr. Full Stack Developer (PHP | Angular Js | Node Js), Pune,",hr group,"Pune, India",https://stackoverflow.com/jobs/439436
Reactive Native for Full Stack Developer,SENiCTTECH Solutions Pvt Ltd,"Chennai, India",https://stackoverflow.com/jobs/439430
2名 即日/交通費/Java/Webアプリケーション開発,株式会社エーティーエス,"Minato City, Japan",https://stackoverflow.com/jobs/387791
アプリケーションエンジニア,ARアドバンストテクノロジ株式会社,"Osaka, Japan",https://stackoverflow.com/jobs/406721
"Software Developer, iOS/Android/Mobile Developer, Technology (IT)",Ai-Logic Neural Network Pvt Ltd.,"Hyderabad, India",https://stackoverflow.com/jobs/439427
"Technology (IT), Software Developer, iOS/Android/Mobile Developer",Ai-Logic Neural Network Pvt Ltd.,"Hyderabad, India",https://stackoverflow.com/jobs/439426
"iOS/Android/Mobile Developer, iOS/Android/Mobile Developer",Black And White Business Solutions Private Limited,"Hyderabad, India",https://stackoverflow.com/jobs/439425
Android Developer,Netsmartz Infotech,"Chandigarh, India",https://stackoverflow.com/jobs/439424
Android Developer,Codobux IT Services Pvt. Ltd.,"Sahibzada Ajit Singh Nagar, India",https://stackoverflow.com/jobs/439423
DevOps Engineer,Gainsight,"Hyderabad, India",https://stackoverflow.com/jobs/439422
Software Engineer/Programmer,Tech Mahindra Limited,"Hyderabad, India",https://stackoverflow.com/jobs/439421
Sales Cloud hiring for Hyderabad,ICS Consultancy Services,"Hyderabad, India",https://stackoverflow.com/jobs/325450
Senior Software Engineer,"JPMorgan Chase Bank, N.A.","Wilmington, DE",https://stackoverflow.com/jobs/439386
Salesforce CPQ,Tech Mahindra Limited,"Hyderabad, India",https://stackoverflow.com/jobs/439419
SFDC Developer,2COMs,"Hyderabad, India",https://stackoverflow.com/jobs/439418
Javaエンジニア,株式会社キャリアデザインITパートナーズ,"Tokyo, Japan",https://stackoverflow.com/jobs/383378
サーバーサイドエンジニア / キャラクターサービス開発/Gatebox,LINE株式会社,"Chiyoda City, Japan",https://stackoverflow.com/jobs/395886
社内SE《兵庫》,株式会社がまかつ,"Nishiwaki, Japan",https://stackoverflow.com/jobs/395870
"Dot Net Developer, ASP Dot Net Developer ,Sr.Dot Developer",Avani Infosoft Pvt Ltd,"Bengaluru, India",https://stackoverflow.com/jobs/439414
成長企業の上流SE職,株式会社マイナビワークス(マイナビジョブ20's),"Yokohama, Japan",https://stackoverflow.com/jobs/395827
Android Engineer,Syng,"Los Angeles, CA",https://stackoverflow.com/jobs/355416
"Java Software Engineer, Regulatory Reporting - Associate","JPMorgan Chase Bank, N.A.","Toronto, ON, Canada",https://stackoverflow.com/jobs/439410
Software Engineering,"JPMorgan Chase Bank, N.A.","Hyderabad, India",https://stackoverflow.com/jobs/439409
Senior Engineer and Developer to guide FA~Link Cloud,Trimdata Corp,No office location,https://stackoverflow.com/jobs/439408
Senior Backend Engineer (m/w/d),Personio,"München, Germany",https://stackoverflow.com/jobs/273941
Engineering Manager (m/f/d),Personio,"München, Germany",https://stackoverflow.com/jobs/126309
Mobile Application Software Engineer,Lutron Electronics,"Philadelphia, PA",https://stackoverflow.com/jobs/406693
Senior Backend Developer - We're motivated to code with a sense of purpose,Kind,"Malmö, Sweden",https://stackoverflow.com/jobs/268694
Software Engineer (m/w/d) Java,PRODYNA (Schweiz) AG,"Basel, Switzerland",https://stackoverflow.com/jobs/439399
Senior Software Engineer (m/w/d) Java,PRODYNA (Schweiz) AG,"Bern, Switzerland",https://stackoverflow.com/jobs/439392
Senior Software Engineer (f/m/d) - work with the best for a good purpose,PEAT GmbH,"Indore, India",https://stackoverflow.com/jobs/429647
Java Software Engineer,"JPMorgan Chase Bank, N.A.","Chicago, IL",https://stackoverflow.com/jobs/439389
Senior Software Engineer,"JPMorgan Chase Bank, N.A.","Wilmington, DE",https://stackoverflow.com/jobs/439387
Senior Software Engineer,"JPMorgan Chase Bank, N.A.","Wilmington, DE",https://stackoverflow.com/jobs/439385
Java Software Engineer,"JPMorgan Chase Bank, N.A.","Wilmington, DE",https://stackoverflow.com/jobs/439384
"Asset Mgmt Trading Tech, Java Software Engineer, VP","JPMorgan Chase Bank, N.A.",Hong Kong,https://stackoverflow.com/jobs/439383
US Wealth Management  - Java full stack developer,"JPMorgan Chase Bank, N.A.","Mumbai, India",https://stackoverflow.com/jobs/439381
Senior Pega Software Engineer,"JPMorgan Chase Bank, N.A.","Wilmington, DE",https://stackoverflow.com/jobs/439376
API Engineer,"JPMorgan Chase Bank, N.A.","Chicago, IL",https://stackoverflow.com/jobs/439380
"VP, Financial Product Software Engineer","JPMorgan Chase Bank, N.A.","Wilmington, DE",https://stackoverflow.com/jobs/439379
Pre-Production Software Engineer,"JPMorgan Chase Bank, N.A.","Columbus, OH",https://stackoverflow.com/jobs/439377
Java Developer - Pega BPM,"JPMorgan Chase Bank, N.A.","Columbus, OH",https://stackoverflow.com/jobs/439375
Software Engineering,"JPMorgan Chase Bank, N.A.","Plano, TX",https://stackoverflow.com/jobs/439374
Software Engineering,"JPMorgan Chase Bank, N.A.","Bengaluru, India",https://stackoverflow.com/jobs/439371
Infrastructure Engineer - Unix Admin,"JPMorgan Chase Bank, N.A.","Mumbai, India",https://stackoverflow.com/jobs/439370
Software Engineer - DevOps / Site Reliability,"JPMorgan Chase Bank, N.A.","Orem, UT",https://stackoverflow.com/jobs/439369
Software Engineering - Cloud Solutions Architect,"JPMorgan Chase Bank, N.A.","Bengaluru, India",https://stackoverflow.com/jobs/439366
Senior Java Software Engineer - Data Engineering,"JPMorgan Chase Bank, N.A.","Chicago, IL",https://stackoverflow.com/jobs/439365
Software Engineering (ITSE05) CLIENT TECHNOLOGY FIRMWIDE TECH - HN (038171:US:0802),"JPMorgan Chase Bank, N.A.","Houston, TX",https://stackoverflow.com/jobs/439364
Software Engineer for Collateral Management,"JPMorgan Chase Bank, N.A.","Jersey City, NJ",https://stackoverflow.com/jobs/439362
Java/Angular JS Software Engineer,"JPMorgan Chase Bank, N.A.","Lewisville, TX",https://stackoverflow.com/jobs/439361
"Software Engineer Lead, Liquidity Technology - Vice President","JPMorgan Chase Bank, N.A.","Toronto, ON, Canada",https://stackoverflow.com/jobs/439360
Bigdata-ETL Developer with Spark skills,"JPMorgan Chase Bank, N.A.","Hyderabad, India",https://stackoverflow.com/jobs/439359
Software Engineering,"JPMorgan Chase Bank, N.A.","Mumbai, India",https://stackoverflow.com/jobs/439357
Software Engineering (Java : Full Stack),"JPMorgan Chase Bank, N.A.","Plano, TX",https://stackoverflow.com/jobs/439355
Software Engineer,"JPMorgan Chase Bank, N.A.","Columbus, OH",https://stackoverflow.com/jobs/439352
Software Engineer,"JPMorgan Chase Bank, N.A.","Wilmington, DE",https://stackoverflow.com/jobs/439347
Software Engineering,"JPMorgan Chase Bank, N.A.","Hyderabad, India",https://stackoverflow.com/jobs/439345
Software Engineering - Java,"JPMorgan Chase Bank, N.A.","Hyderabad, India",https://stackoverflow.com/jobs/439344
Applications Support,"JPMorgan Chase Bank, N.A.","Bengaluru, India",https://stackoverflow.com/jobs/439341
Senior Java API Developer,"JPMorgan Chase Bank, N.A.","Mumbai, India",https://stackoverflow.com/jobs/439339
Applications Support,"JPMorgan Chase Bank, N.A.","Bengaluru, India",https://stackoverflow.com/jobs/439337
Applications Support Analyst,"JPMorgan Chase Bank, N.A.","Plano, TX",https://stackoverflow.com/jobs/439299
Software Engineering,"JPMorgan Chase Bank, N.A.","Hyderabad, India",https://stackoverflow.com/jobs/439336
Software Engineering - UI Developer,"JPMorgan Chase Bank, N.A.","Mumbai, India",https://stackoverflow.com/jobs/439335
"Software Engineer, ML Serving Platform",Pinterest,"San Francisco, CA",https://stackoverflow.com/jobs/395760
Software Engineering,"JPMorgan Chase Bank, N.A.","Wilmington, DE",https://stackoverflow.com/jobs/439334
"Software Engineer, Eng Productivity",Pinterest,"San Francisco, CA",https://stackoverflow.com/jobs/395759
Applications Support,"JPMorgan Chase Bank, N.A.","Bengaluru, India",https://stackoverflow.com/jobs/439333
Software Engineering-Java,"JPMorgan Chase Bank, N.A.","Tampa, FL",https://stackoverflow.com/jobs/439326
Software Engineering,"JPMorgan Chase Bank, N.A.","Hyderabad, India",https://stackoverflow.com/jobs/439325
Software Engineering,"JPMorgan Chase Bank, N.A.","Bengaluru, India",https://stackoverflow.com/jobs/439323
Senior Java Software Engineer,"JPMorgan Chase Bank, N.A.","Glasgow, UK",https://stackoverflow.com/jobs/439322
Software Engineering-Java,"JPMorgan Chase Bank, N.A.","Houston, TX",https://stackoverflow.com/jobs/439312
Full Stack Java Software Engineer Lead,"JPMorgan Chase Bank, N.A.","Columbus, OH",https://stackoverflow.com/jobs/439305
Software Engineering - Associate - Java,"JPMorgan Chase Bank, N.A.","Hyderabad, India",https://stackoverflow.com/jobs/439304
Lead Software Engineer - Merchant Services,"JPMorgan Chase Bank, N.A.","London, UK",https://stackoverflow.com/jobs/439303
Software Engineering,"JPMorgan Chase Bank, N.A.","Hyderabad, India",https://stackoverflow.com/jobs/439302
Applications Support - SRE,"JPMorgan Chase Bank, N.A.","Mumbai, India",https://stackoverflow.com/jobs/439296
"Java Software Engineer, Payments Technology - Associate","JPMorgan Chase Bank, N.A.","Toronto, ON, Canada",https://stackoverflow.com/jobs/439295
Infrastructure Developer,"JPMorgan Chase Bank, N.A.","Jersey City, NJ",https://stackoverflow.com/jobs/439294
Full Stack Software Engineer - Java Script / Java / Microservices,"JPMorgan Chase Bank, N.A.","Jersey City, NJ",https://stackoverflow.com/jobs/439293
Java Software Engineer Lead,"JPMorgan Chase Bank, N.A.","Columbus, OH",https://stackoverflow.com/jobs/439288
Full Stack Software Engineer - Java/Spring/databases,"JPMorgan Chase Bank, N.A.","Plano, TX",https://stackoverflow.com/jobs/439287
DevOps Engineering,"JPMorgan Chase Bank, N.A.","Chicago, IL",https://stackoverflow.com/jobs/439285
Software Engineer - Java / Robotic Process Automation,"JPMorgan Chase Bank, N.A.","Plano, TX",https://stackoverflow.com/jobs/439283
Genesys Engineer (602),"JPMorgan Chase Bank, N.A.","New York, NY",https://stackoverflow.com/jobs/439282
"Software Engineer - ETL (Talend), Wealth Mgt Technology","JPMorgan Chase Bank, N.A.","New York, NY",https://stackoverflow.com/jobs/439271
Java Software Engineer,"JPMorgan Chase Bank, N.A.","Chicago, IL",https://stackoverflow.com/jobs/439281
"Java/J2EE Software Engineer, Senior","JPMorgan Chase Bank, N.A.","Plano, TX",https://stackoverflow.com/jobs/439278
Java Scala Full Stack Software Engineer,"JPMorgan Chase Bank, N.A.","Houston, TX",https://stackoverflow.com/jobs/439273
Reporting Infrastructure Engineer,"JPMorgan Chase Bank, N.A.","Plano, TX",https://stackoverflow.com/jobs/439272
Senior Java Software Engineer,"JPMorgan Chase Bank, N.A.","Houston, TX",https://stackoverflow.com/jobs/439270
Java Software Engineer,"JPMorgan Chase Bank, N.A.","Chicago, IL",https://stackoverflow.com/jobs/439269
Global Delta 1 OMS Lead,"JPMorgan Chase Bank, N.A.","Jersey City, NJ",https://stackoverflow.com/jobs/439267
Senior Full Stack Java Software Engineer,"JPMorgan Chase Bank, N.A.","Houston, TX",https://stackoverflow.com/jobs/439262
Software Engineering Lead,"JPMorgan Chase Bank, N.A.","Buenos Aires, Argentina",https://stackoverflow.com/jobs/439261
Full Stack Developer (Java / Cassandra / Kafka),"JPMorgan Chase Bank, N.A.","Wilmington, DE",https://stackoverflow.com/jobs/439260
Software Engineering,"JPMorgan Chase Bank, N.A.","Bengaluru, India",https://stackoverflow.com/jobs/439259
Application Support,"JPMorgan Chase Bank, N.A.","Bengaluru, India",https://stackoverflow.com/jobs/439258
Devops,"JPMorgan Chase Bank, N.A.","New York, NY",https://stackoverflow.com/jobs/439255
2021 EMEA Software Engineer Program - Summer Internship (Dublin),"JPMorgan Chase Bank, N.A.","Dublin, Ireland",https://stackoverflow.com/jobs/439249
Senior Technical Program Manager - Partner Engineering | Card Services,"JPMorgan Chase Bank, N.A.","Wilmington, DE",https://stackoverflow.com/jobs/439243
Java Big Data Software Engineer,"JPMorgan Chase Bank, N.A.","Columbus, OH",https://stackoverflow.com/jobs/439241
Software Engineering,"JPMorgan Chase Bank, N.A.","Tampa, FL",https://stackoverflow.com/jobs/439240
Senior Core Java/Web Software Engineer,"JPMorgan Chase Bank, N.A.","Houston, TX",https://stackoverflow.com/jobs/426991
Sr. Cloud Infrastructure Developer,"JPMorgan Chase Bank, N.A.","Columbus, OH",https://stackoverflow.com/jobs/426984
Senior DevOps Engineer,SAP,"Atlanta, GA",https://stackoverflow.com/jobs/439237
Engineering Manager,"QOMPLX, Inc.","McLean, VA",https://stackoverflow.com/jobs/426955
Senior Software Engineer Java / Kotlin - Hyper Growth Fintech - Munich (f/m/x),PPRO Group,"München, Deutschland",https://stackoverflow.com/jobs/368965
Senior Software Engineer Java (m/w),CSS Versicherung,"Lucerne, Switzerland",https://stackoverflow.com/jobs/435688
Software Engineer Industrie 4.0,yellowshark&#174; AG,"Bern, Switzerland",https://stackoverflow.com/jobs/438432
